{"count":1,"self":541.93320959999994,"total":2109.2007549,"children":{"InitializeActuators":{"count":40,"self":0.0029922,"total":0.0029922,"children":null},"InitializeSensors":{"count":40,"self":0.0036739,"total":0.0036739,"children":null},"AgentSendState":{"count":224034,"self":327.82791679999997,"total":377.3788995,"children":{"CollectObservations":{"count":1792280,"self":2.24504,"total":2.24504,"children":null},"WriteActionMask":{"count":1792280,"self":1.5587901,"total":1.5587901,"children":null},"RequestDecision":{"count":1792280,"self":6.2106736,"total":45.7471525,"children":{"AgentInfo.ToProto":{"count":1792280,"self":5.3458055999999994,"total":39.536478699999996,"children":{"GenerateSensorData":{"count":1792280,"self":30.019747199999998,"total":34.190673,"children":{"RayPerceptionSensor.Perceive":{"count":1792280,"self":4.1709248,"total":4.1709247,"children":null}}}}}}}}},"DecideAction":{"count":224034,"self":1177.5881216,"total":1177.588148,"children":null},"AgentAct":{"count":224034,"self":11.416024,"total":11.4160243,"children":null},"AgentInfo.ToProto":{"count":24050,"self":0.16995459999999998,"total":0.8767851,"children":{"GenerateSensorData":{"count":24050,"self":0.60006439999999994,"total":0.70683049999999992,"children":{"RayPerceptionSensor.Perceive":{"count":24050,"self":0.10676609999999999,"total":0.10676609999999999,"children":null}}}}}},"gauges":{"GeometryDash.CumulativeReward":{"count":24050,"max":32.159996,"min":-4.58,"runningAverage":12.4667006,"value":-0.0999999046,"weightedAverage":5.92045832}},"metadata":{"timer_format_version":"0.1.0","start_time_seconds":"1772551284","unity_version":"2022.3.62f1","command_line_arguments":"C:\\Program Files\\Unity\\Hub\\Editor\\2022.3.62f1\\Editor\\Unity.exe -projectpath C:\\Users\\Admin\\Documents\\GitHub\\Project_AI_GeometryDash -acceptSoftwareTermsForThisRunOnly -useHub -hubIPC -cloudEnvironment production -licensingIpc LicenseClient-Admin -hubSessionId 512888f7-4f1d-4150-9b49-63e9d4c2d993 -accessToken 6WO1nVTFm4mVx5VdVEYBOR0RZg-JUpS8jaEFaHMYMlU012f","communication_protocol_version":"1.5.0","com.unity.ml-agents_version":"2.0.2","scene_name":"Parkour2","end_time_seconds":"1772553393"}}